# X_IN,Y_IN,DY_over_DX,ANGLE,D2Y_over_DX2
-1.729999999999999984e-03,2.511240000000000139e-01,0.000000000000000000e+00,0.000000000000000000e+00,6.624768399999999557e-01
1.000000000000000056e-01,2.546340000000000270e-01,7.059273779999999943e-02,4.037967309999999976e+00,8.260397640000000097e-01
2.000000000000000111e-01,2.661609999999999809e-01,2.033847579999999988e-01,1.149628389999999989e+01,3.216154809999999920e+00
2.999999999999999889e-01,3.019350000000000089e-01,5.031003659999999655e-01,2.670698519999999831e+01,2.684398310000000176e+00
4.000000000000000222e-01,3.645129999999999759e-01,7.369267680000000098e-01,3.638749560000000116e+01,1.992129720000000104e+00
5.000000000000000000e-01,4.470199999999999729e-01,9.023496140000000221e-01,4.206150300000000186e+01,1.360886660000000026e+00
5.999999999999999778e-01,5.432820000000000427e-01,1.015133290000000077e+00,4.543027310000000085e+01,8.947869309999999521e-01
6.999999999999999556e-01,6.484940000000000149e-01,1.081507400000000008e+00,4.724243510000000157e+01,4.613025660000000250e-01
8.000000000000000444e-01,7.586159999999999570e-01,1.117603249999999937e+00,4.817871399999999937e+01,2.606143519999999936e-01
9.000000000000000222e-01,8.713450000000000362e-01,1.133630270000000051e+00,4.858378069999999838e+01,5.992613730000000138e-02
1.000000000000000000e+00,9.846979999999999622e-01,1.131181229999999927e+00,4.852230000000000132e+01,-7.263000679999999376e-02
1.100000000000000089e+00,1.097361999999999949e+00,1.121169910000000103e+00,4.826941630000000316e+01,-1.275963709999999862e-01
1.199999999999999956e+00,1.208749000000000073e+00,1.105661950000000004e+00,4.787268819999999891e+01,-1.825627350000000038e-01
1.300000000000000044e+00,1.318311000000000011e+00,1.084635989999999994e+00,4.732492549999999909e+01,-2.398543079999999883e-01
1.399999999999999911e+00,1.425462000000000007e+00,1.057269669999999939e+00,4.659457129999999836e+01,-3.074721639999999923e-01
1.500000000000000000e+00,1.529538999999999982e+00,1.023141560000000005e+00,4.565534509999999813e+01,-3.750900209999999957e-01
1.600000000000000089e+00,1.629864999999999897e+00,9.822516650000000515e-01,4.448700889999999930e+01,-4.427078779999999991e-01
1.699999999999999956e+00,1.725764000000000076e+00,9.346587320000000476e-01,4.306562449999999842e+01,-4.987298789999999871e-01
1.800000000000000044e+00,1.816815000000000069e+00,8.871269720000000136e-01,4.157709700000000197e+01,-4.519053060000000066e-01
1.899999999999999911e+00,1.903345999999999982e+00,8.442776699999999801e-01,4.017365550000000241e+01,-4.050807330000000261e-01
2.000000000000000000e+00,1.985826000000000091e+00,8.061108259999999470e-01,3.887266329999999925e+01,-3.582561590000000185e-01
2.100000000000000089e+00,2.064724000000000004e+00,7.726264390000000537e-01,3.769062290000000104e+01,-3.114315859999999825e-01
2.200000000000000178e+00,2.140508000000000077e+00,7.438243159999999854e-01,3.664276749999999794e+01,-2.649184099999999931e-01
2.299999999999999822e+00,2.213601999999999848e+00,7.184172760000000491e-01,3.569411939999999817e+01,-2.432223799999999880e-01
2.399999999999999911e+00,2.284263000000000154e+00,6.951798399999999933e-01,3.480624790000000246e+01,-2.215263500000000108e-01
2.500000000000000000e+00,2.352710000000000079e+00,6.741120059999999858e-01,3.398438269999999761e+01,-1.998303210000000052e-01
2.600000000000000089e+00,2.419157999999999920e+00,6.552137749999999983e-01,3.323336909999999733e+01,-1.781342910000000002e-01
2.700000000000000178e+00,2.483824999999999950e+00,6.384851480000000024e-01,3.255762680000000131e+01,-1.564382619999999946e-01
2.799999999999999822e+00,2.546927000000000163e+00,6.239261230000000547e-01,3.196111660000000043e+01,-1.347422319999999896e-01
2.899999999999999911e+00,2.608673000000000020e+00,6.111354209999999565e-01,3.143057969999999912e+01,-1.248577619999999971e-01
3.000000000000000000e+00,2.669169999999999821e+00,5.988652730000000313e-01,3.091592740000000106e+01,-1.205451929999999949e-01
3.100000000000000089e+00,2.728460999999999803e+00,5.870263820000000132e-01,3.041405819999999949e+01,-1.162326240000000066e-01
3.200000000000000178e+00,2.786589999999999900e+00,5.756187480000000134e-01,2.992553759999999841e+01,-1.119200550000000044e-01
3.299999999999999822e+00,2.843599000000000210e+00,5.646423710000000318e-01,2.945091359999999980e+01,-1.076074860000000022e-01
3.399999999999999911e+00,2.899532000000000220e+00,5.540972509999999573e-01,2.899071620000000138e+01,-1.032949170000000000e-01
3.500000000000000000e+00,2.954432999999999865e+00,5.439833880000000121e-01,2.854545630000000145e+01,-9.898234810000000605e-02
3.600000000000000089e+00,3.008342999999999989e+00,5.343007810000000024e-01,2.811562500000000142e+01,-9.466977910000000385e-02
3.700000000000000178e+00,3.061312000000000033e+00,5.252226389999999911e-01,2.770947190000000049e+01,-8.616233809999999937e-02
3.799999999999999822e+00,3.113418999999999937e+00,5.170760199999999696e-01,2.734240069999999889e+01,-7.677004260000000468e-02
3.899999999999999911e+00,3.164759000000000100e+00,5.098686310000000166e-01,2.701560800000000029e+01,-6.737774709999999612e-02
4.000000000000000000e+00,3.215424000000000060e+00,5.036004710000000495e-01,2.672984680000000068e+01,-5.798545160000000143e-02
4.099999999999999645e+00,3.265509999999999913e+00,4.982715409999999845e-01,2.648576969999999875e+01,-4.859315599999999846e-02
4.200000000000000178e+00,3.315109999999999779e+00,4.938818400000000164e-01,2.628392960000000045e+01,-3.920086049999999683e-02
4.299999999999999822e+00,3.364317999999999920e+00,4.904313690000000059e-01,2.612478090000000108e+01,-2.980856499999999867e-02
4.400000000000000355e+00,3.413227000000000011e+00,4.879201269999999813e-01,2.600867960000000068e+01,-2.041626950000000051e-02
4.500000000000000000e+00,3.461933000000000149e+00,4.863481150000000253e-01,2.593588430000000145e+01,-1.102397389999999928e-02
4.599999999999999645e+00,3.510527999999999871e+00,4.856856370000000034e-01,2.590517990000000026e+01,-4.173720080000000235e-03
4.700000000000000178e+00,3.559073000000000153e+00,4.851938470000000114e-01,2.588237609999999833e+01,-5.662081410000000328e-03
4.799999999999999822e+00,3.607562000000000157e+00,4.845532209999999784e-01,2.585265779999999936e+01,-7.150442740000000422e-03
4.900000000000000355e+00,3.655978999999999868e+00,4.837637590000000154e-01,2.581601450000000142e+01,-8.638804070000000515e-03
5.000000000000000000e+00,3.704309999999999992e+00,4.828254599999999841e-01,2.577243329999999943e+01,-1.012716540000000061e-02
5.099999999999999645e+00,3.752539000000000069e+00,4.817383259999999945e-01,2.572189919999999930e+01,-1.161552669999999995e-02
5.200000000000000178e+00,3.800651999999999919e+00,4.805023549999999921e-01,2.566439430000000144e+01,-1.310388810000000064e-02
5.299999999999999822e+00,3.848634999999999806e+00,4.791175480000000042e-01,2.559989870000000067e+01,-1.459224939999999998e-02
5.400000000000000355e+00,3.896471000000000018e+00,4.775839049999999752e-01,2.552839000000000169e+01,-1.608061070000000106e-02
5.500000000000000000e+00,3.944147000000000070e+00,4.759014260000000163e-01,2.544984339999999889e+01,-1.756897199999999867e-02
5.599999999999999645e+00,3.991645999999999805e+00,4.740701099999999890e-01,2.536423179999999888e+01,-1.905733340000000109e-02
5.700000000000000178e+00,4.038955999999999769e+00,4.720899590000000035e-01,2.527152560000000037e+01,-2.054569469999999870e-02
5.799999999999999822e+00,4.086059999999999803e+00,4.699885759999999912e-01,2.517298840000000126e+01,-2.101401840000000076e-02
5.900000000000000355e+00,4.132953999999999795e+00,4.679069880000000237e-01,2.507522219999999891e+01,-2.061773730000000110e-02
6.000000000000000000e+00,4.179643000000000441e+00,4.658650280000000143e-01,2.497916520000000062e+01,-2.022145620000000144e-02
6.099999999999999645e+00,4.226129000000000246e+00,4.638626969999999905e-01,2.488482649999999907e+01,-1.982517509999999830e-02
6.200000000000000178e+00,4.272415999999999769e+00,4.618999930000000087e-01,2.479221480000000000e+01,-1.942889399999999864e-02
6.299999999999999822e+00,4.318509999999999849e+00,4.599769180000000124e-01,2.470133870000000087e+01,-1.903261289999999897e-02
6.400000000000000355e+00,4.364412999999999876e+00,4.580934709999999743e-01,2.461220649999999921e+01,-1.863633179999999931e-02
6.500000000000000000e+00,4.410129999999999661e+00,4.562496509999999783e-01,2.452482639999999847e+01,-1.824005069999999964e-02
6.599999999999999645e+00,4.455663999999999625e+00,4.544454600000000233e-01,2.443920639999999977e+01,-1.784376959999999998e-02
6.700000000000000178e+00,4.501019999999999577e+00,4.526808979999999982e-01,2.435535439999999952e+01,-1.744748850000000032e-02
6.799999999999999822e+00,4.546202000000000076e+00,4.509559630000000152e-01,2.427327800000000124e+01,-1.705120740000000065e-02
6.900000000000000355e+00,4.591212999999999766e+00,4.492706559999999905e-01,2.419298459999999906e+01,-1.665492619999999965e-02
7.000000000000000000e+00,4.636057000000000095e+00,4.476249780000000067e-01,2.411448160000000129e+01,-1.625864509999999999e-02
7.099999999999999645e+00,4.680738999999999983e+00,4.460189270000000095e-01,2.403777589999999975e+01,-1.586236400000000032e-02
7.200000000000000178e+00,4.725261999999999851e+00,4.444448460000000045e-01,2.396250819999999848e+01,-1.577264319999999859e-02
7.299999999999999822e+00,4.769627999999999979e+00,4.428567179999999825e-01,2.388647960000000126e+01,-1.598991859999999987e-02
7.400000000000000355e+00,4.813832999999999807e+00,4.412468620000000175e-01,2.380931950000000086e+01,-1.620719409999999902e-02
7.500000000000000000e+00,4.857876000000000083e+00,4.396152790000000254e-01,2.373102430000000140e+01,-1.642446950000000030e-02
7.599999999999999645e+00,4.901754999999999640e+00,4.379619690000000065e-01,2.365159039999999990e+01,-1.664174499999999945e-02
7.700000000000000178e+00,4.945467999999999975e+00,4.362869300000000172e-01,2.357101420000000047e+01,-1.685902040000000074e-02
7.799999999999999822e+00,4.989011999999999780e+00,4.345901640000000010e-01,2.348929180000000017e+01,-1.707629579999999855e-02
7.900000000000000355e+00,5.032384999999999664e+00,4.328716710000000134e-01,2.340641949999999838e+01,-1.729357130000000117e-02
8.000000000000000000e+00,5.075586000000000375e+00,4.311314500000000272e-01,2.332239360000000161e+01,-1.751084669999999899e-02
8.099999999999999645e+00,5.118610999999999578e+00,4.293695020000000140e-01,2.323721009999999865e+01,-1.772812220000000161e-02
8.199999999999999289e+00,5.161458999999999797e+00,4.275858260000000022e-01,2.315086529999999954e+01,-1.794539759999999942e-02
8.300000000000000711e+00,5.204126999999999725e+00,4.257804219999999917e-01,2.306335530000000134e+01,-1.816267300000000071e-02
8.400000000000000355e+00,5.246614000000000111e+00,4.239532910000000099e-01,2.297467609999999993e+01,-1.837994849999999986e-02
8.500000000000000000e+00,5.288916999999999646e+00,4.221044330000000011e-01,2.288482369999999833e+01,-1.859722390000000114e-02
8.599999999999999645e+00,5.331033999999999828e+00,4.202338460000000220e-01,2.279379409999999950e+01,-1.881449940000000029e-02
8.699999999999999289e+00,5.372963000000000378e+00,4.183415329999999877e-01,2.270158340000000052e+01,-1.903177480000000157e-02
8.800000000000000711e+00,5.414702000000000126e+00,4.164274909999999830e-01,2.260818739999999849e+01,-1.924905019999999939e-02
8.900000000000000355e+00,5.456248000000000431e+00,4.145012679999999783e-01,2.251406880000000044e+01,-1.923849879999999998e-02
9.000000000000000000e+00,5.497601999999999656e+00,4.125801490000000071e-01,2.242007179999999877e+01,-1.918388450000000148e-02
9.099999999999999645e+00,5.538763999999999577e+00,4.106644910000000204e-01,2.232621509999999887e+01,-1.912927019999999950e-02
9.199999999999999289e+00,5.579735000000000333e+00,4.087542949999999897e-01,2.223250009999999932e+01,-1.907465590000000100e-02
9.300000000000000711e+00,5.620515000000000150e+00,4.068495599999999990e-01,2.213892810000000111e+01,-1.902004159999999902e-02
9.400000000000000355e+00,5.661105000000000054e+00,4.049502859999999926e-01,2.204550040000000166e+01,-1.896542730000000052e-02
9.500000000000000000e+00,5.701506000000000185e+00,4.030564739999999979e-01,2.195221839999999958e+01,-1.891081299999999854e-02
9.599999999999999645e+00,5.741717000000000404e+00,4.011681240000000148e-01,2.185908330000000177e+01,-1.885619870000000003e-02
9.699999999999999289e+00,5.781740000000000101e+00,3.992852350000000161e-01,2.176609639999999857e+01,-1.880158440000000153e-02
9.800000000000000711e+00,5.821574000000000026e+00,3.974078070000000018e-01,2.167325920000000039e+01,-1.874697009999999955e-02
9.900000000000000355e+00,5.861220999999999570e+00,3.955358409999999991e-01,2.158057279999999878e+01,-1.869235580000000105e-02
1.000000000000000000e+01,5.900680999999999621e+00,3.936693359999999808e-01,2.148803859999999943e+01,-1.863774149999999907e-02
1.009999999999999964e+01,5.939955000000000318e+00,3.918082920000000025e-01,2.139565779999999862e+01,-1.858312720000000057e-02
1.019999999999999929e+01,5.979042999999999886e+00,3.899527099999999802e-01,2.130343179999999847e+01,-1.852851289999999859e-02
1.030000000000000071e+01,6.017946000000000240e+00,3.881025900000000251e-01,2.121136179999999882e+01,-1.847389860000000009e-02
1.040000000000000036e+01,6.056663999999999604e+00,3.862579309999999988e-01,2.111944910000000064e+01,-1.841928430000000158e-02
1.050000000000000000e+01,6.095197999999999894e+00,3.844187330000000125e-01,2.102769500000000136e+01,-1.836466999999999961e-02
1.059999999999999964e+01,6.133548000000000222e+00,3.825849969999999822e-01,2.093610079999999840e+01,-1.831005570000000110e-02
1.069999999999999929e+01,6.171714999999999840e+00,3.807567219999999919e-01,2.084466769999999869e+01,-1.825544139999999912e-02
1.080000000000000071e+01,6.209698999999999636e+00,3.789347579999999827e-01,2.075343949999999893e+01,-1.815012870000000042e-02
1.090000000000000036e+01,6.247503000000000029e+00,3.771300369999999735e-01,2.066296609999999845e+01,-1.794428780000000001e-02
1.100000000000000000e+01,6.285125999999999991e+00,3.753459009999999818e-01,2.057341849999999894e+01,-1.773844679999999827e-02
1.109999999999999964e+01,6.322572000000000081e+00,3.735823480000000085e-01,2.048480070000000097e+01,-1.753260590000000133e-02
1.119999999999999929e+01,6.359842999999999691e+00,3.718393790000000254e-01,2.039711649999999921e+01,-1.732676489999999958e-02
1.130000000000000071e+01,6.396940999999999988e+00,3.701169950000000042e-01,2.031036960000000136e+01,-1.712092399999999917e-02
1.140000000000000036e+01,6.433867000000000225e+00,3.684151949999999731e-01,2.022456389999999971e+01,-1.691508309999999876e-02
1.150000000000000000e+01,6.470625000000000071e+00,3.667339780000000160e-01,2.013970300000000080e+01,-1.670924210000000049e-02
1.159999999999999964e+01,6.507215000000000416e+00,3.650733460000000208e-01,2.005579039999999935e+01,-1.650340120000000008e-02
1.169999999999999929e+01,6.543639999999999901e+00,3.634332980000000157e-01,1.997282990000000069e+01,-1.629756029999999967e-02
1.180000000000000071e+01,6.579901999999999695e+00,3.618138340000000008e-01,1.989082480000000075e+01,-1.609171930000000139e-02
1.190000000000000036e+01,6.616004000000000218e+00,3.602149539999999761e-01,1.980977860000000135e+01,-1.588587840000000098e-02
1.200000000000000000e+01,6.651945999999999692e+00,3.586366579999999971e-01,1.972969469999999959e+01,-1.568003739999999924e-02
1.209999999999999964e+01,6.687731999999999566e+00,3.570789469999999799e-01,1.965057639999999850e+01,-1.547419650000000056e-02
1.219999999999999929e+01,6.723361999999999838e+00,3.555418189999999812e-01,1.957242709999999875e+01,-1.526835560000000015e-02
1.230000000000000071e+01,6.758841000000000321e+00,3.540252759999999999e-01,1.949524999999999864e+01,-1.506251460000000014e-02
1.240000000000000036e+01,6.794167999999999985e+00,3.525293159999999815e-01,1.941904819999999887e+01,-1.485667369999999973e-02
1.250000000000000000e+01,6.829347000000000278e+00,3.510539409999999805e-01,1.934382480000000015e+01,-1.465083279999999932e-02
1.259999999999999964e+01,6.864379999999999704e+00,3.495991500000000252e-01,1.926958309999999841e+01,-1.444499179999999931e-02
1.269999999999999929e+01,6.899268000000000178e+00,3.481649430000000045e-01,1.919632580000000033e+01,-1.423915090000000064e-02
1.280000000000000071e+01,6.934013000000000204e+00,3.467513199999999740e-01,1.912405610000000067e+01,-1.403330990000000063e-02
1.290000000000000036e+01,6.968619000000000341e+00,3.453582809999999892e-01,1.905277680000000018e+01,-1.382746900000000022e-02
1.300000000000000000e+01,7.003085999999999700e+00,3.439858259999999945e-01,1.898249089999999839e+01,-1.362162809999999981e-02
1.309999999999999964e+01,7.037416000000000338e+00,3.426302749999999842e-01,1.891301229999999833e+01,-1.350456860000000085e-02
1.319999999999999929e+01,7.071612000000000009e+00,3.412847549999999952e-01,1.884399069999999909e+01,-1.340582870000000051e-02
1.330000000000000071e+01,7.105673999999999602e+00,3.399491090000000271e-01,1.877541950000000170e+01,-1.330708889999999978e-02
1.340000000000000036e+01,7.139602000000000004e+00,3.386233379999999960e-01,1.870730000000000004e+01,-1.320834899999999944e-02
1.350000000000000000e+01,7.173398999999999859e+00,3.373074400000000139e-01,1.863963349999999863e+01,-1.310960910000000083e-02
1.359999999999999964e+01,7.207063999999999915e+00,3.360014159999999972e-01,1.857242139999999964e+01,-1.301086930000000010e-02
1.369999999999999929e+01,7.240598999999999563e+00,3.347052660000000013e-01,1.850566500000000048e+01,-1.291212939999999976e-02
1.380000000000000071e+01,7.274004999999999832e+00,3.334189900000000262e-01,1.843936569999999975e+01,-1.281338949999999942e-02
1.390000000000000036e+01,7.307282999999999973e+00,3.321425880000000164e-01,1.837352470000000082e+01,-1.271464960000000081e-02
1.400000000000000000e+01,7.340434000000000125e+00,3.308760600000000274e-01,1.830814330000000112e+01,-1.261590980000000008e-02
1.409999999999999964e+01,7.373459000000000430e+00,3.296194060000000037e-01,1.824322280000000163e+01,-1.251716989999999974e-02
1.419999999999999929e+01,7.406357999999999997e+00,3.283726260000000008e-01,1.817876439999999860e+01,-1.241842999999999940e-02
1.430000000000000071e+01,7.439134000000000135e+00,3.271357200000000187e-01,1.811476950000000130e+01,-1.231969020000000040e-02
1.440000000000000036e+01,7.471785999999999817e+00,3.259086880000000019e-01,1.805123910000000009e+01,-1.222095030000000006e-02
1.450000000000000000e+01,7.504316000000000209e+00,3.246915300000000060e-01,1.798817460000000068e+01,-1.212221039999999972e-02
1.459999999999999964e+01,7.536724999999999675e+00,3.234842459999999753e-01,1.792557710000000171e+01,-1.202347060000000072e-02
1.469999999999999929e+01,7.569012999999999991e+00,3.222868360000000210e-01,1.786344790000000060e+01,-1.192473070000000038e-02
1.480000000000000071e+01,7.601181999999999661e+00,3.210992999999999764e-01,1.780178799999999839e+01,-1.182599080000000004e-02
1.490000000000000036e+01,7.633232999999999713e+00,3.199216380000000082e-01,1.774059869999999961e+01,-1.172725099999999930e-02
1.500000000000000000e+01,7.665167000000000286e+00,3.187538489999999780e-01,1.767988120000000052e+01,-1.162851110000000070e-02
1.509999999999999964e+01,7.696983999999999604e+00,3.175959349999999959e-01,1.761963649999999859e+01,-1.152977120000000036e-02
1.519999999999999929e+01,7.728685999999999723e+00,3.164478949999999791e-01,1.755986580000000075e+01,-1.143103130000000002e-02
1.530000000000000071e+01,7.760273999999999894e+00,3.153097289999999830e-01,1.750057010000000091e+01,-1.133229149999999928e-02
1.540000000000000036e+01,7.791749000000000258e+00,3.141814370000000078e-01,1.744175070000000005e+01,-1.123355160000000068e-02
1.550000000000000000e+01,7.823110999999999926e+00,3.130630189999999979e-01,1.738340850000000160e+01,-1.113481170000000034e-02
1.559999999999999964e+01,7.854362000000000066e+00,3.119545459999999992e-01,1.732554850000000002e+01,-1.102953999999999914e-02
1.569999999999999929e+01,7.885501999999999789e+00,3.108580220000000116e-01,1.726827619999999897e+01,-1.090093240000000047e-02
1.580000000000000071e+01,7.916534000000000404e+00,3.097743600000000264e-01,1.721164070000000024e+01,-1.077232480000000006e-02
1.590000000000000036e+01,7.947456999999999994e+00,3.087035570000000173e-01,1.715564320000000009e+01,-1.064371719999999966e-02
1.600000000000000000e+01,7.978275000000000006e+00,3.076456160000000106e-01,1.710028510000000068e+01,-1.051510959999999925e-02
1.610000000000000142e+01,8.008986999999999412e+00,3.066005359999999791e-01,1.704556759999999827e+01,-1.038650200000000058e-02
1.619999999999999929e+01,8.039595000000000269e+00,3.055683160000000065e-01,1.699149200000000093e+01,-1.025789440000000018e-02
1.630000000000000071e+01,8.070100999999999303e+00,3.045489570000000090e-01,1.693805950000000138e+01,-1.012928679999999977e-02
1.639999999999999858e+01,8.100505999999999318e+00,3.035424580000000150e-01,1.688527129999999943e+01,-1.000067919999999937e-02
1.650000000000000000e+01,8.130810000000000315e+00,3.025488210000000233e-01,1.683312869999999961e+01,-9.872071629999999709e-03
1.660000000000000142e+01,8.161016000000000048e+00,3.015680439999999796e-01,1.678163280000000057e+01,-9.743464040000000131e-03
1.669999999999999929e+01,8.191124000000000294e+00,3.006001280000000220e-01,1.673078470000000095e+01,-9.614856439999999727e-03
1.680000000000000071e+01,8.221135999999999555e+00,2.996450729999999840e-01,1.668058570000000174e+01,-9.486248850000000149e-03
1.689999999999999858e+01,8.251053000000000637e+00,2.987028780000000050e-01,1.663103680000000040e+01,-9.357641249999999744e-03
1.700000000000000000e+01,8.280877000000000265e+00,2.977735440000000011e-01,1.658213909999999913e+01,-9.229033660000000167e-03
1.710000000000000142e+01,8.310608999999999469e+00,2.968570709999999724e-01,1.653389380000000131e+01,-9.100426070000000589e-03
1.719999999999999929e+01,8.340249000000000024e+00,2.959534589999999743e-01,1.648630190000000084e+01,-8.971818470000000184e-03
1.730000000000000071e+01,8.369799999999999685e+00,2.950627080000000069e-01,1.643936439999999877e+01,-8.843210880000000607e-03
1.739999999999999858e+01,8.399262000000000228e+00,2.941848169999999874e-01,1.639308240000000083e+01,-8.714603289999999294e-03
1.750000000000000000e+01,8.428637000000000157e+00,2.933197869999999985e-01,1.634745690000000096e+01,-8.585995690000000624e-03
1.760000000000000142e+01,8.457926000000000499e+00,2.924676179999999848e-01,1.630248890000000017e+01,-8.457388099999999312e-03
1.769999999999999929e+01,8.487130999999999759e+00,2.916283100000000017e-01,1.625817929999999834e+01,-8.328780509999999734e-03
1.780000000000000071e+01,8.516251999999999711e+00,2.908018620000000221e-01,1.621452910000000003e+01,-8.200172909999999329e-03
1.789999999999999858e+01,8.545291999999999888e+00,2.899882750000000176e-01,1.617153929999999917e+01,-8.071565319999999752e-03
1.800000000000000000e+01,8.574251000000000289e+00,2.891875489999999882e-01,1.612921079999999918e+01,-7.942957719999999347e-03
1.810000000000000142e+01,8.603130000000000166e+00,2.883996830000000178e-01,1.608754449999999991e+01,-7.814350129999999769e-03
1.819999999999999929e+01,8.631930999999999798e+00,2.876246789999999942e-01,1.604654130000000123e+01,-7.685742540000000192e-03
1.830000000000000071e+01,8.660655000000000214e+00,2.868625349999999741e-01,1.600620199999999826e+01,-7.557134939999999787e-03
1.839999999999999858e+01,8.689303999999999917e+00,2.861132519999999846e-01,1.596652749999999976e+01,-7.428527350000000209e-03
1.850000000000000000e+01,8.717878000000000682e+00,2.853757199999999994e-01,1.592745990000000056e+01,-7.343893889999999688e-03
1.860000000000000142e+01,8.746378999999999238e+00,2.846434039999999888e-01,1.588865359999999960e+01,-7.302415179999999749e-03
1.869999999999999929e+01,8.774806999999999135e+00,2.839152369999999870e-01,1.585005220000000037e+01,-7.260936479999999769e-03
1.880000000000000071e+01,8.803162000000000376e+00,2.831912169999999951e-01,1.581165610000000044e+01,-7.219457769999999830e-03
1.889999999999999858e+01,8.831445000000000434e+00,2.824713449999999848e-01,1.577346550000000036e+01,-7.177979069999999850e-03
1.900000000000000000e+01,8.859657000000000338e+00,2.817556210000000116e-01,1.573548070000000010e+01,-7.136500369999999871e-03
1.910000000000000142e+01,8.887797000000000835e+00,2.810440450000000201e-01,1.569770190000000021e+01,-7.095021659999999931e-03
1.919999999999999929e+01,8.915865999999999403e+00,2.803366170000000102e-01,1.566012950000000004e+01,-7.053542959999999952e-03
1.930000000000000071e+01,8.943863999999999592e+00,2.796333360000000101e-01,1.562276360000000075e+01,-7.012064250000000012e-03
1.939999999999999858e+01,8.971792999999999907e+00,2.789342040000000189e-01,1.558560469999999931e+01,-6.970585550000000033e-03
1.950000000000000000e+01,8.999651000000000067e+00,2.782392189999999821e-01,1.554865279999999927e+01,-6.929106840000000093e-03
1.960000000000000142e+01,9.027440000000000353e+00,2.775483830000000096e-01,1.551190839999999938e+01,-6.887628140000000114e-03
1.969999999999999929e+01,9.055161000000000016e+00,2.768616939999999915e-01,1.547537160000000078e+01,-6.846149440000000135e-03
1.980000000000000071e+01,9.082812999999999803e+00,2.761791530000000106e-01,1.543904269999999990e+01,-6.804670730000000195e-03
1.989999999999999858e+01,9.110397000000000745e+00,2.755007600000000112e-01,1.540292200000000022e+01,-6.763192030000000216e-03
2.000000000000000000e+01,9.137912999999999286e+00,2.748265140000000217e-01,1.536700970000000055e+01,-6.721713320000000276e-03
2.010000000000000142e+01,9.165362000000000009e+00,2.741564169999999856e-01,1.533130610000000082e+01,-6.680234620000000297e-03
2.019999999999999929e+01,9.192745000000000388e+00,2.734904670000000149e-01,1.529581130000000044e+01,-6.638755920000000317e-03
2.030000000000000071e+01,9.220060999999999396e+00,2.728286659999999975e-01,1.526052579999999992e+01,-6.597277210000000378e-03
2.039999999999999858e+01,9.247310999999999837e+00,2.721710119999999899e-01,1.522544959999999925e+01,-6.555798510000000398e-03
2.050000000000000000e+01,9.274494999999999933e+00,2.715175060000000196e-01,1.519058309999999956e+01,-6.514319799999999591e-03
2.060000000000000142e+01,9.301614000000000715e+00,2.708681479999999753e-01,1.515592640000000024e+01,-6.472841099999999612e-03
2.069999999999999929e+01,9.328668999999999656e+00,2.702229380000000236e-01,1.512147990000000064e+01,-6.431362399999999632e-03
2.080000000000000071e+01,9.355658999999999281e+00,2.695818750000000263e-01,1.508724379999999954e+01,-6.389883689999999693e-03
2.089999999999999858e+01,9.382585000000000619e+00,2.689449609999999824e-01,1.505321819999999988e+01,-6.348404989999999713e-03
2.100000000000000000e+01,9.409447999999999368e+00,2.683121940000000039e-01,1.501940349999999924e+01,-6.306926279999999774e-03
2.110000000000000142e+01,9.436248000000000857e+00,2.676835759999999786e-01,1.498579980000000056e+01,-6.265447579999999794e-03
2.119999999999999929e+01,9.462984999999999758e+00,2.670591050000000188e-01,1.495240740000000024e+01,-6.223968869999999855e-03
2.130000000000000071e+01,9.489660000000000650e+00,2.664387819999999851e-01,1.491922650000000061e+01,-6.182490169999999875e-03
2.139999999999999858e+01,9.516272999999999982e+00,2.658226069999999885e-01,1.488625730000000047e+01,-6.141011469999999896e-03
2.150000000000000000e+01,9.542823999999999529e+00,2.652105799999999736e-01,1.485350009999999976e+01,-6.099532759999999956e-03
2.160000000000000142e+01,9.569314999999999571e+00,2.646027000000000240e-01,1.482095510000000083e+01,-6.058054059999999977e-03
2.169999999999999929e+01,9.595745000000000857e+00,2.639985759999999848e-01,1.478860129999999984e+01,-6.026846249999999634e-03
2.180000000000000071e+01,9.622115000000000862e+00,2.633972940000000040e-01,1.475639029999999963e+01,-5.998775950000000134e-03
2.189999999999999858e+01,9.648424999999999585e+00,2.627988199999999885e-01,1.472432019999999930e+01,-5.970705639999999807e-03
2.200000000000000000e+01,9.674675000000000580e+00,2.622031530000000221e-01,1.469239110000000004e+01,-5.942635340000000307e-03
2.210000000000000142e+01,9.700865000000000293e+00,2.616102929999999938e-01,1.466060320000000061e+01,-5.914565029999999980e-03
2.219999999999999929e+01,9.726997000000000781e+00,2.610202400000000145e-01,1.462895669999999981e+01,-5.886494729999999613e-03
2.230000000000000071e+01,9.753069999999999240e+00,2.604329939999999732e-01,1.459745159999999942e+01,-5.858424420000000153e-03
2.239999999999999858e+01,9.779083999999999222e+00,2.598485549999999811e-01,1.456608819999999938e+01,-5.830354119999999786e-03
2.250000000000000000e+01,9.805039000000000726e+00,2.592669240000000097e-01,1.453486660000000086e+01,-5.802283820000000286e-03
2.260000000000000142e+01,9.830937000000000481e+00,2.586880990000000047e-01,1.450378680000000031e+01,-5.774213509999999959e-03
2.269999999999999929e+01,9.856776999999999234e+00,2.581120809999999932e-01,1.447284920000000064e+01,-5.746143209999999592e-03
2.280000000000000071e+01,9.882559999999999789e+00,2.575388699999999753e-01,1.444205370000000066e+01,-5.718072900000000132e-03
2.289999999999999858e+01,9.908284999999999343e+00,2.569684660000000065e-01,1.441140060000000034e+01,-5.690002599999999765e-03
2.300000000000000000e+01,9.933953000000000699e+00,2.564008689999999757e-01,1.438088989999999967e+01,-5.661932290000000305e-03
2.310000000000000142e+01,9.959564999999999557e+00,2.558360800000000213e-01,1.435052190000000039e+01,-5.633861989999999938e-03
2.319999999999999929e+01,9.985120999999999469e+00,2.552740969999999776e-01,1.432029660000000071e+01,-5.605791679999999610e-03
2.330000000000000071e+01,1.001061999999999941e+01,2.547149209999999830e-01,1.429021430000000059e+01,-5.577721380000000111e-03
2.339999999999999858e+01,1.003606399999999965e+01,2.541585530000000093e-01,1.426027490000000064e+01,-5.549651079999999743e-03
2.350000000000000000e+01,1.006145199999999917e+01,2.536049910000000018e-01,1.423047870000000081e+01,-5.521580770000000284e-03
2.360000000000000142e+01,1.008678500000000078e+01,2.530542370000000152e-01,1.420082580000000050e+01,-5.493510469999999916e-03
2.369999999999999929e+01,1.011206299999999914e+01,2.525062889999999949e-01,1.417131630000000087e+01,-5.465440159999999589e-03
2.380000000000000071e+01,1.013728599999999958e+01,2.519611489999999954e-01,1.414195040000000070e+01,-5.437369860000000089e-03
2.389999999999999858e+01,1.016245499999999957e+01,2.514188150000000177e-01,1.411272810000000000e+01,-5.409299549999999762e-03
2.400000000000000000e+01,1.018756999999999913e+01,2.508792890000000053e-01,1.408364970000000049e+01,-5.381229250000000262e-03
2.410000000000000142e+01,1.021263100000000001e+01,2.503425690000000148e-01,1.405471520000000041e+01,-5.353158949999999895e-03
2.419999999999999929e+01,1.023763899999999971e+01,2.498086569999999895e-01,1.402592469999999913e+01,-5.325088639999999568e-03
2.430000000000000071e+01,1.026259300000000074e+01,2.492775520000000133e-01,1.399727850000000018e+01,-5.297018340000000068e-03
2.439999999999999858e+01,1.028749400000000058e+01,2.487492530000000035e-01,1.396877659999999999e+01,-5.268948029999999741e-03
2.450000000000000000e+01,1.031234300000000026e+01,2.482237619999999867e-01,1.394041909999999973e+01,-5.240877730000000241e-03
2.460000000000000142e+01,1.033713900000000052e+01,2.477010779999999912e-01,1.391220619999999997e+01,-5.212807419999999914e-03
2.469999999999999929e+01,1.036188300000000062e+01,2.471811999999999898e-01,1.388413790000000070e+01,-5.184737120000000414e-03
2.480000000000000071e+01,1.038657500000000056e+01,2.466641300000000092e-01,1.385621450000000010e+01,-5.156666810000000087e-03
2.489999999999999858e+01,1.041121599999999958e+01,2.461498669999999944e-01,1.382843599999999995e+01,-5.128596509999999720e-03
2.500000000000000000e+01,1.043580500000000022e+01,2.456384110000000009e-01,1.380080260000000081e+01,-5.100526210000000220e-03
2.510000000000000142e+01,1.046034399999999920e+01,2.451297229999999938e-01,1.377331219999999945e+01,-5.076378809999999679e-03
2.519999999999999929e+01,1.048483099999999979e+01,2.446225079999999885e-01,1.374589500000000086e+01,-5.067912459999999834e-03
2.530000000000000071e+01,1.050926800000000050e+01,2.441161400000000092e-01,1.371851709999999969e+01,-5.059446109999999990e-03
2.539999999999999858e+01,1.053365499999999955e+01,2.436106190000000005e-01,1.369117870000000003e+01,-5.050979750000000185e-03
2.550000000000000000e+01,1.055799099999999946e+01,2.431059439999999905e-01,1.366387970000000074e+01,-5.042513400000000340e-03
2.560000000000000142e+01,1.058227600000000024e+01,2.426021160000000065e-01,1.363662019999999941e+01,-5.034047049999999628e-03
2.569999999999999929e+01,1.060651099999999936e+01,2.420991349999999931e-01,1.360940019999999961e+01,-5.025580699999999783e-03
2.580000000000000071e+01,1.063069600000000037e+01,2.415970000000000062e-01,1.358221980000000073e+01,-5.017114339999999978e-03
2.589999999999999858e+01,1.065483000000000047e+01,2.410957119999999898e-01,1.355507899999999921e+01,-5.008647990000000133e-03
2.600000000000000000e+01,1.067891499999999994e+01,2.405952700000000000e-01,1.352797789999999978e+01,-5.000181640000000288e-03
2.610000000000000142e+01,1.070294999999999952e+01,2.400956760000000079e-01,1.350091639999999948e+01,-4.991715289999999576e-03
2.619999999999999929e+01,1.072693399999999997e+01,2.395969269999999873e-01,1.347389470000000067e+01,-4.983248939999999731e-03
2.630000000000000071e+01,1.075086899999999979e+01,2.390990259999999923e-01,1.344691279999999978e+01,-4.974782579999999926e-03
2.639999999999999858e+01,1.077475399999999972e+01,2.386019709999999960e-01,1.341997070000000036e+01,-4.966316230000000082e-03
2.650000000000000000e+01,1.079858899999999977e+01,2.381057629999999981e-01,1.339306840000000065e+01,-4.957849880000000237e-03
2.660000000000000142e+01,1.082237499999999919e+01,2.376104009999999989e-01,1.336620609999999942e+01,-4.949383530000000392e-03
2.669999999999999929e+01,1.084611100000000050e+01,2.371158859999999979e-01,1.333938359999999967e+01,-4.940917169999999720e-03
2.680000000000000071e+01,1.086979799999999940e+01,2.366222169999999958e-01,1.331260119999999958e+01,-4.932450819999999875e-03
2.689999999999999858e+01,1.089343599999999945e+01,2.361293959999999914e-01,1.328585879999999975e+01,-4.923984470000000030e-03
2.700000000000000000e+01,1.091702399999999962e+01,2.356374210000000136e-01,1.325915640000000018e+01,-4.915518120000000185e-03
2.710000000000000142e+01,1.094056299999999915e+01,2.351462920000000067e-01,1.323249419999999965e+01,-4.907051760000000380e-03
2.719999999999999929e+01,1.096405400000000085e+01,2.346560099999999982e-01,1.320587210000000056e+01,-4.898585409999999668e-03
2.730000000000000071e+01,1.098749499999999912e+01,2.341665749999999879e-01,1.317929009999999934e+01,-4.890119059999999823e-03
2.739999999999999858e+01,1.101088700000000031e+01,2.336779860000000042e-01,1.315274840000000012e+01,-4.881652709999999978e-03
2.750000000000000000e+01,1.103423000000000087e+01,2.331902439999999910e-01,1.312624699999999933e+01,-4.873186350000000173e-03
2.760000000000000142e+01,1.105752500000000005e+01,2.327033490000000038e-01,1.309978579999999937e+01,-4.864720000000000329e-03
2.769999999999999929e+01,1.108077100000000037e+01,2.322172999999999876e-01,1.307336500000000079e+01,-4.856253649999999616e-03
2.780000000000000071e+01,1.110396800000000006e+01,2.317320979999999975e-01,1.304698460000000004e+01,-4.847787299999999772e-03
2.789999999999999858e+01,1.112711700000000015e+01,2.312477430000000056e-01,1.302064460000000068e+01,-4.839320939999999967e-03
2.800000000000000000e+01,1.115021800000000063e+01,2.307642340000000125e-01,1.299434499999999915e+01,-4.830854590000000122e-03
2.810000000000000142e+01,1.117327000000000048e+01,2.302815719999999899e-01,1.296808590000000017e+01,-4.822388240000000277e-03
2.819999999999999929e+01,1.119627400000000073e+01,2.297997569999999934e-01,1.294186739999999958e+01,-4.813921890000000432e-03
2.830000000000000071e+01,1.121922999999999959e+01,2.293187879999999956e-01,1.291568939999999976e+01,-4.805455529999999760e-03
2.839999999999999858e+01,1.124213800000000063e+01,2.288386649999999967e-01,1.288955200000000012e+01,-4.796989179999999915e-03
2.850000000000000000e+01,1.126499800000000029e+01,2.283593899999999954e-01,1.286345530000000004e+01,-4.788522830000000070e-03
2.860000000000000142e+01,1.128781000000000034e+01,2.278809609999999930e-01,1.283739929999999951e+01,-4.780056480000000226e-03
2.869999999999999929e+01,1.131057400000000079e+01,2.274033789999999888e-01,1.281138400000000033e+01,-4.771590120000000421e-03
2.880000000000000071e+01,1.133329099999999912e+01,2.269266470000000091e-01,1.278540959999999949e+01,-4.762089720000000324e-03
2.889999999999999858e+01,1.135595999999999961e+01,2.264514950000000026e-01,1.275951599999999964e+01,-4.740961129999999614e-03
2.900000000000000000e+01,1.137858100000000050e+01,2.259784549999999947e-01,1.273373229999999978e+01,-4.719832549999999731e-03
2.910000000000000142e+01,1.140115499999999926e+01,2.255075280000000126e-01,1.270805849999999992e+01,-4.698703959999999888e-03
2.919999999999999929e+01,1.142368300000000048e+01,2.250387140000000008e-01,1.268249469999999945e+01,-4.677575380000000005e-03
2.930000000000000071e+01,1.144616300000000031e+01,2.245720129999999870e-01,1.265704110000000071e+01,-4.656446790000000162e-03
2.939999999999999858e+01,1.146859700000000082e+01,2.241074249999999990e-01,1.263169760000000075e+01,-4.635318210000000279e-03
2.950000000000000000e+01,1.149098500000000023e+01,2.236449490000000095e-01,1.260646449999999952e+01,-4.614189630000000396e-03
2.960000000000000142e+01,1.151332599999999928e+01,2.231845869999999898e-01,1.258134160000000001e+01,-4.593061039999999685e-03
2.969999999999999929e+01,1.153562200000000004e+01,2.227263369999999965e-01,1.255632920000000041e+01,-4.571932459999999802e-03
2.980000000000000071e+01,1.155787199999999970e+01,2.222702000000000011e-01,1.253142730000000071e+01,-4.550803869999999959e-03
2.989999999999999858e+01,1.158007600000000004e+01,2.218161760000000038e-01,1.250663589999999914e+01,-4.529675290000000076e-03
3.000000000000000000e+01,1.160223500000000030e+01,2.213642650000000045e-01,1.248195519999999981e+01,-4.508546700000000233e-03
3.010000000000000142e+01,1.162434900000000049e+01,2.209144670000000032e-01,1.245738519999999916e+01,-4.487418120000000350e-03
3.019999999999999929e+01,1.164641800000000060e+01,2.204667820000000000e-01,1.243292600000000014e+01,-4.466289529999999640e-03
3.030000000000000071e+01,1.166844200000000065e+01,2.200212089999999954e-01,1.240857759999999921e+01,-4.445160949999999757e-03
3.039999999999999858e+01,1.169042199999999987e+01,2.195777489999999887e-01,1.238434020000000046e+01,-4.424032359999999914e-03
3.050000000000000000e+01,1.171235800000000005e+01,2.191364030000000074e-01,1.236021380000000036e+01,-4.402903780000000031e-03
3.060000000000000142e+01,1.173424999999999940e+01,2.186971689999999968e-01,1.233619850000000007e+01,-4.381775200000000148e-03
3.069999999999999929e+01,1.175609700000000046e+01,2.182600480000000120e-01,1.231229429999999958e+01,-4.360646610000000305e-03
3.080000000000000071e+01,1.177790199999999921e+01,2.178250389999999981e-01,1.228850130000000007e+01,-4.339518030000000422e-03
3.089999999999999858e+01,1.179966199999999965e+01,2.173921440000000094e-01,1.226481970000000032e+01,-4.318389439999999711e-03
3.100000000000000000e+01,1.182137999999999955e+01,2.169613609999999915e-01,1.224124939999999917e+01,-4.297260859999999828e-03
3.110000000000000142e+01,1.184305499999999967e+01,2.165326919999999988e-01,1.221779049999999955e+01,-4.276132269999999985e-03
3.119999999999999929e+01,1.186468699999999998e+01,2.161061350000000048e-01,1.219444310000000087e+01,-4.255003690000000102e-03
3.130000000000000071e+01,1.188627600000000051e+01,2.156816910000000087e-01,1.217120730000000073e+01,-4.233875100000000259e-03
3.139999999999999858e+01,1.190782300000000049e+01,2.152593600000000107e-01,1.214808309999999913e+01,-4.212746520000000376e-03
3.150000000000000000e+01,1.192932799999999993e+01,2.148391420000000107e-01,1.212507060000000081e+01,-4.191617939999999626e-03
3.160000000000000142e+01,1.195079100000000061e+01,2.144210360000000093e-01,1.210216989999999981e+01,-4.170489349999999783e-03
3.169999999999999929e+01,1.197221200000000074e+01,2.140050440000000054e-01,1.207938099999999970e+01,-4.149360769999999900e-03
3.180000000000000071e+01,1.199359199999999959e+01,2.135911640000000000e-01,1.205670399999999987e+01,-4.128232180000000057e-03
3.189999999999999858e+01,1.201493100000000069e+01,2.131793969999999927e-01,1.203413890000000031e+01,-4.107103600000000174e-03
3.200000000000000000e+01,1.203622799999999948e+01,2.127697440000000106e-01,1.201168589999999980e+01,-4.085975010000000331e-03
3.210000000000000142e+01,1.205748499999999979e+01,2.123622019999999999e-01,1.198934500000000014e+01,-4.064846429999999580e-03
3.220000000000000284e+01,1.207870100000000058e+01,2.119567739999999867e-01,1.196711619999999954e+01,-4.043717839999999737e-03
3.229999999999999716e+01,1.209987600000000008e+01,2.115534589999999993e-01,1.194499970000000033e+01,-4.022589259999999854e-03
3.239999999999999858e+01,1.212101099999999931e+01,2.111522560000000104e-01,1.192299539999999958e+01,-4.001460679999999971e-03
3.250000000000000000e+01,1.214210699999999932e+01,2.107531669999999913e-01,1.190110340000000022e+01,-3.980332090000000128e-03
3.260000000000000142e+01,1.216316199999999981e+01,2.103561899999999985e-01,1.187932389999999927e+01,-3.959203510000000245e-03
3.270000000000000284e+01,1.218417799999999929e+01,2.099613260000000037e-01,1.185765680000000089e+01,-3.938074920000000402e-03
3.279999999999999716e+01,1.220515400000000028e+01,2.095681899999999875e-01,1.183608120000000063e+01,-3.926538480000000067e-03
3.289999999999999858e+01,1.222609199999999952e+01,2.091759950000000035e-01,1.181455369999999938e+01,-3.917370560000000244e-03
3.300000000000000000e+01,1.224699000000000026e+01,2.087847160000000091e-01,1.179307320000000026e+01,-3.908202640000000422e-03
3.310000000000000142e+01,1.226784900000000000e+01,2.083943540000000039e-01,1.177163969999999971e+01,-3.899034720000000166e-03
3.320000000000000284e+01,1.228866799999999948e+01,2.080049089999999878e-01,1.175025319999999951e+01,-3.889866799999999909e-03
3.329999999999999716e+01,1.230945000000000000e+01,2.076163809999999887e-01,1.172891369999999966e+01,-3.880698880000000087e-03
3.339999999999999858e+01,1.233019200000000026e+01,2.072287700000000066e-01,1.170762129999999956e+01,-3.871530949999999870e-03
3.350000000000000000e+01,1.235089499999999951e+01,2.068420749999999864e-01,1.168637599999999921e+01,-3.862363030000000048e-03
3.360000000000000142e+01,1.237156000000000056e+01,2.064562970000000108e-01,1.166517780000000037e+01,-3.853195109999999791e-03
3.370000000000000284e+01,1.239218699999999984e+01,2.060714359999999967e-01,1.164402669999999951e+01,-3.844027189999999969e-03
3.379999999999999716e+01,1.241277499999999989e+01,2.056874910000000001e-01,1.162292279999999955e+01,-3.834859270000000146e-03
3.389999999999999858e+01,1.243332400000000071e+01,2.053044639999999921e-01,1.160186619999999991e+01,-3.825691349999999890e-03
3.400000000000000000e+01,1.245383499999999977e+01,2.049223530000000015e-01,1.158085670000000000e+01,-3.816523420000000107e-03
3.410000000000000142e+01,1.247430899999999987e+01,2.045411590000000002e-01,1.155989459999999980e+01,-3.807355499999999851e-03
3.420000000000000284e+01,1.249474400000000074e+01,2.041608819999999880e-01,1.153897970000000051e+01,-3.798187580000000028e-03
3.429999999999999716e+01,1.251514099999999985e+01,2.037815219999999927e-01,1.151811209999999974e+01,-3.789019660000000206e-03
3.439999999999999858e+01,1.253550000000000075e+01,2.034030779999999872e-01,1.149729190000000045e+01,-3.779851739999999950e-03
3.450000000000000000e+01,1.255582099999999990e+01,2.030255509999999985e-01,1.147651899999999969e+01,-3.770683820000000127e-03
3.460000000000000142e+01,1.257610500000000009e+01,2.026489409999999991e-01,1.145579359999999980e+01,-3.761515889999999911e-03
3.470000000000000284e+01,1.259635100000000030e+01,2.022732479999999888e-01,1.143511559999999960e+01,-3.752347970000000088e-03
3.479999999999999716e+01,1.261655999999999977e+01,2.018984719999999955e-01,1.141448500000000088e+01,-3.743180049999999832e-03
3.489999999999999858e+01,1.263673099999999927e+01,2.015246119999999919e-01,1.139390189999999947e+01,-3.734012130000000009e-03
3.500000000000000000e+01,1.265686499999999981e+01,2.011516690000000052e-01,1.137336630000000071e+01,-3.724844210000000187e-03
3.510000000000000142e+01,1.267696100000000037e+01,2.007796430000000076e-01,1.135287819999999925e+01,-3.715676289999999930e-03
3.520000000000000284e+01,1.269702099999999945e+01,2.004085339999999993e-01,1.133243769999999984e+01,-3.706508360000000148e-03
3.529999999999999716e+01,1.271704300000000032e+01,2.000383420000000079e-01,1.131204480000000068e+01,-3.697340439999999891e-03
3.539999999999999858e+01,1.273702899999999971e+01,1.996690660000000062e-01,1.129169950000000000e+01,-3.688172520000000069e-03
3.550000000000000000e+01,1.275697699999999912e+01,1.993007069999999936e-01,1.127140179999999958e+01,-3.679004599999999812e-03
3.560000000000000142e+01,1.277688900000000061e+01,1.989332649999999980e-01,1.125115180000000059e+01,-3.669836679999999990e-03
3.570000000000000284e+01,1.279676399999999958e+01,1.985667399999999916e-01,1.123094940000000008e+01,-3.660668750000000207e-03
3.579999999999999716e+01,1.281660199999999961e+01,1.982011310000000026e-01,1.121079480000000039e+01,-3.651500829999999951e-03
3.589999999999999858e+01,1.283640399999999993e+01,1.978364400000000023e-01,1.119068799999999975e+01,-3.642332910000000128e-03
3.600000000000000000e+01,1.285616899999999951e+01,1.974726649999999917e-01,1.117062879999999936e+01,-3.633164989999999872e-03
3.610000000000000142e+01,1.287589799999999940e+01,1.971098069999999980e-01,1.115061749999999918e+01,-3.623997070000000049e-03
3.620000000000000284e+01,1.289559099999999958e+01,1.967478649999999940e-01,1.113065399999999983e+01,-3.614829149999999793e-03
3.629999999999999716e+01,1.291524800000000006e+01,1.963868410000000064e-01,1.111073840000000068e+01,-3.605661220000000011e-03
3.639999999999999858e+01,1.293486900000000084e+01,1.960267330000000086e-01,1.109087060000000058e+01,-3.596493300000000188e-03
3.650000000000000000e+01,1.295445300000000088e+01,1.956675419999999999e-01,1.107105059999999952e+01,-3.587325379999999932e-03
3.660000000000000142e+01,1.297400200000000048e+01,1.953092680000000081e-01,1.105127869999999923e+01,-3.578157460000000109e-03
3.670000000000000284e+01,1.299351500000000037e+01,1.949519110000000055e-01,1.103155459999999977e+01,-3.568989539999999853e-03
3.679999999999999716e+01,1.301299299999999981e+01,1.945954699999999926e-01,1.101187849999999990e+01,-3.559821620000000030e-03
3.689999999999999858e+01,1.303243400000000030e+01,1.942400049999999934e-01,1.099225359999999974e+01,-3.549212319999999962e-03
3.700000000000000000e+01,1.305184099999999958e+01,1.938856310000000027e-01,1.097268640000000062e+01,-3.538258720000000013e-03
3.710000000000000142e+01,1.307121199999999916e+01,1.935323529999999903e-01,1.095317709999999956e+01,-3.527305120000000065e-03
3.720000000000000284e+01,1.309054700000000082e+01,1.931801700000000122e-01,1.093372570000000010e+01,-3.516351520000000116e-03
3.729999999999999716e+01,1.310984799999999950e+01,1.928290820000000128e-01,1.091433229999999988e+01,-3.505397920000000167e-03
3.739999999999999858e+01,1.312911300000000026e+01,1.924790899999999916e-01,1.089499690000000065e+01,-3.494444319999999785e-03
3.750000000000000000e+01,1.314834399999999981e+01,1.921301940000000041e-01,1.087571950000000065e+01,-3.483490719999999836e-03
3.760000000000000142e+01,1.316753899999999966e+01,1.917823919999999960e-01,1.085650009999999988e+01,-3.472537119999999887e-03
3.770000000000000284e+01,1.318670000000000009e+01,1.914356859999999938e-01,1.083733879999999949e+01,-3.461583519999999938e-03
3.779999999999999716e+01,1.320582600000000006e+01,1.910900759999999976e-01,1.081823559999999951e+01,-3.450629919999999989e-03
3.789999999999999858e+01,1.322491800000000062e+01,1.907455600000000084e-01,1.079919049999999991e+01,-3.439676320000000041e-03
3.800000000000000000e+01,1.324397599999999997e+01,1.904021399999999975e-01,1.078020360000000011e+01,-3.428722720000000092e-03
3.810000000000000142e+01,1.326299900000000065e+01,1.900598159999999925e-01,1.076127480000000070e+01,-3.417769120000000143e-03
3.820000000000000284e+01,1.328198800000000013e+01,1.897185859999999946e-01,1.074240430000000046e+01,-3.406815520000000194e-03
3.829999999999999716e+01,1.330094199999999915e+01,1.893784530000000021e-01,1.072359190000000062e+01,-3.395861919999999812e-03
3.839999999999999858e+01,1.331986299999999979e+01,1.890394139999999890e-01,1.070483789999999935e+01,-3.384908319999999863e-03
3.850000000000000000e+01,1.333874999999999922e+01,1.887014710000000095e-01,1.068614209999999964e+01,-3.373954719999999914e-03
3.860000000000000142e+01,1.335760400000000025e+01,1.883646230000000088e-01,1.066750459999999912e+01,-3.363001119999999965e-03
3.870000000000000284e+01,1.337642300000000084e+01,1.880288709999999863e-01,1.064892539999999954e+01,-3.352047520000000017e-03
3.879999999999999716e+01,1.339520899999999948e+01,1.876942139999999981e-01,1.063040460000000031e+01,-3.341093920000000068e-03
3.889999999999999858e+01,1.341396199999999972e+01,1.873606519999999886e-01,1.061194219999999966e+01,-3.330140320000000119e-03
3.900000000000000000e+01,1.343268199999999979e+01,1.870281860000000129e-01,1.059353819999999935e+01,-3.319186720000000170e-03
3.910000000000000142e+01,1.345136800000000044e+01,1.866968149999999882e-01,1.057519259999999939e+01,-3.308233119999999788e-03
3.920000000000000284e+01,1.347002099999999913e+01,1.863665389999999977e-01,1.055690549999999917e+01,-3.297279519999999839e-03
3.929999999999999716e+01,1.348864099999999944e+01,1.860373590000000132e-01,1.053867679999999929e+01,-3.286325929999999850e-03
3.939999999999999858e+01,1.350722799999999957e+01,1.857092740000000075e-01,1.052050670000000032e+01,-3.275372329999999901e-03
3.950000000000000000e+01,1.352578300000000056e+01,1.853822840000000083e-01,1.050239509999999932e+01,-3.264418729999999953e-03
3.960000000000000142e+01,1.354430499999999959e+01,1.850563899999999873e-01,1.048434209999999922e+01,-3.253465130000000004e-03
3.970000000000000284e+01,1.356279400000000024e+01,1.847315910000000005e-01,1.046634770000000003e+01,-3.242511530000000055e-03
3.979999999999999716e+01,1.358125099999999996e+01,1.844078879999999920e-01,1.044841180000000058e+01,-3.231557930000000106e-03
3.989999999999999858e+01,1.359967600000000054e+01,1.840852799999999900e-01,1.043053459999999966e+01,-3.220604330000000157e-03
4.000000000000000000e+01,1.361806799999999917e+01,1.837637669999999945e-01,1.041271610000000081e+01,-3.209650730000000209e-03
4.010000000000000142e+01,1.363642899999999969e+01,1.834433490000000055e-01,1.039495619999999931e+01,-3.198697129999999826e-03
4.020000000000000284e+01,1.365475700000000003e+01,1.831240269999999948e-01,1.037725499999999990e+01,-3.187743529999999877e-03
4.029999999999999716e+01,1.367305400000000049e+01,1.828058009999999900e-01,1.035961260000000017e+01,-3.176789929999999929e-03
4.039999999999999858e+01,1.369131800000000077e+01,1.824886689999999922e-01,1.034202890000000075e+01,-3.165836329999999980e-03
4.050000000000000000e+01,1.370955099999999938e+01,1.821726330000000005e-01,1.032450399999999924e+01,-3.154882730000000031e-03
4.060000000000000142e+01,1.372775299999999987e+01,1.818576929999999869e-01,1.030703779999999981e+01,-3.143929130000000082e-03
4.070000000000000284e+01,1.374592299999999945e+01,1.815438480000000077e-01,1.028963049999999946e+01,-3.132975530000000133e-03
4.079999999999999716e+01,1.376406199999999913e+01,1.812310980000000071e-01,1.027228209999999997e+01,-3.122021930000000185e-03
4.089999999999999858e+01,1.378216899999999967e+01,1.809194430000000131e-01,1.025499250000000018e+01,-3.111068329999999802e-03
4.100000000000000000e+01,1.380024599999999957e+01,1.806088839999999973e-01,1.023776179999999947e+01,-3.100114729999999853e-03
4.110000000000000142e+01,1.381829100000000032e+01,1.802993069999999920e-01,1.022058370000000060e+01,-3.092694960000000066e-03
4.120000000000000284e+01,1.383630499999999941e+01,1.799903099999999867e-01,1.020343590000000056e+01,-3.087256679999999913e-03
4.129999999999999716e+01,1.385428899999999963e+01,1.796818560000000009e-01,1.018631650000000022e+01,-3.081818410000000154e-03
4.139999999999999858e+01,1.387224199999999996e+01,1.793739460000000063e-01,1.016922540000000019e+01,-3.076380130000000001e-03
4.150000000000000000e+01,1.389016400000000040e+01,1.790665800000000030e-01,1.015216269999999987e+01,-3.070941859999999808e-03
4.160000000000000142e+01,1.390805499999999917e+01,1.787597569999999914e-01,1.013512829999999987e+01,-3.065503580000000089e-03
4.170000000000000284e+01,1.392591600000000085e+01,1.784534789999999982e-01,1.011812229999999957e+01,-3.060065299999999936e-03
4.179999999999999716e+01,1.394374600000000086e+01,1.781477439999999968e-01,1.010114480000000015e+01,-3.054627030000000177e-03
4.189999999999999858e+01,1.396154499999999921e+01,1.778425540000000138e-01,1.008419559999999926e+01,-3.049188750000000024e-03
4.200000000000000000e+01,1.397931400000000046e+01,1.775379069999999948e-01,1.006727489999999925e+01,-3.043750479999999831e-03
4.210000000000000142e+01,1.399705299999999930e+01,1.772338039999999948e-01,1.005038260000000072e+01,-3.038312200000000112e-03
4.220000000000000284e+01,1.401476100000000002e+01,1.769302439999999865e-01,1.003351870000000012e+01,-3.032873929999999919e-03
4.229999999999999716e+01,1.403243900000000011e+01,1.766272289999999967e-01,1.001668339999999979e+01,-3.027435650000000200e-03
4.239999999999999858e+01,1.405008699999999955e+01,1.763247569999999986e-01,9.999876439999999533e+00,-3.021997370000000047e-03
4.250000000000000000e+01,1.406770400000000087e+01,1.760228289999999918e-01,9.983098000000000027e+00,-3.016559099999999854e-03
4.260000000000000142e+01,1.408529099999999978e+01,1.757214450000000039e-01,9.966348059999999620e+00,-3.011120820000000135e-03
4.270000000000000284e+01,1.410284799999999983e+01,1.754206050000000072e-01,9.949626629999999139e+00,-3.005682549999999943e-03
4.279999999999999716e+01,1.412037499999999923e+01,1.751203090000000018e-01,9.932933719999999411e+00,-3.000244269999999790e-03
4.289999999999999858e+01,1.413787199999999977e+01,1.748205559999999881e-01,9.916269339999999488e+00,-2.994805990000000070e-03
4.300000000000000000e+01,1.415534000000000070e+01,1.745213479999999928e-01,9.899633509999999248e+00,-2.989367719999999878e-03
4.310000000000000142e+01,1.417277699999999996e+01,1.742226829999999893e-01,9.883026230000000467e+00,-2.983929440000000159e-03
4.320000000000000284e+01,1.419018400000000035e+01,1.739245620000000048e-01,9.866447510000000420e+00,-2.978491169999999966e-03
4.329999999999999716e+01,1.420756199999999936e+01,1.736269840000000120e-01,9.849897370000000763e+00,-2.973052889999999813e-03
4.339999999999999858e+01,1.422490999999999950e+01,1.733299510000000099e-01,9.833375829999999596e+00,-2.967614610000000094e-03
4.350000000000000000e+01,1.424222800000000078e+01,1.730334619999999990e-01,9.816882879999999645e+00,-2.962176339999999901e-03
4.360000000000000142e+01,1.425951599999999964e+01,1.727375160000000076e-01,9.800418549999999840e+00,-2.956738060000000182e-03
4.370000000000000284e+01,1.427677500000000066e+01,1.724421140000000074e-01,9.783982840000000181e+00,-2.951299789999999989e-03
4.379999999999999716e+01,1.429400500000000029e+01,1.721472559999999985e-01,9.767575770000000546e+00,-2.945861509999999836e-03
4.389999999999999858e+01,1.431120499999999929e+01,1.718529420000000085e-01,9.751197349999999986e+00,-2.940423230000000117e-03
4.400000000000000000e+01,1.432837499999999942e+01,1.715591710000000103e-01,9.734847580000000278e+00,-2.934984959999999924e-03
4.410000000000000142e+01,1.434551699999999919e+01,1.712659450000000028e-01,9.718526490000000351e+00,-2.929546680000000205e-03
4.420000000000000284e+01,1.436262800000000084e+01,1.709732619999999870e-01,9.702234080000000205e+00,-2.924108410000000012e-03
4.429999999999999716e+01,1.437971100000000035e+01,1.706811229999999902e-01,9.685970360000000667e+00,-2.918670129999999859e-03
4.439999999999999858e+01,1.439676500000000026e+01,1.703895280000000123e-01,9.669735340000000789e+00,-2.913231850000000140e-03
4.450000000000000000e+01,1.441378899999999952e+01,1.700984769999999979e-01,9.653529040000000450e+00,-2.907793579999999947e-03
4.460000000000000142e+01,1.443078399999999917e+01,1.698079690000000030e-01,9.637351459999999648e+00,-2.902355299999999794e-03
4.470000000000000284e+01,1.444775100000000023e+01,1.695180059999999989e-01,9.621202620000000039e+00,-2.896917030000000035e-03
4.479999999999999716e+01,1.446468800000000066e+01,1.692285859999999864e-01,9.605082530000000673e+00,-2.891478749999999882e-03
4.489999999999999858e+01,1.448159599999999969e+01,1.689397099999999929e-01,9.588991200000000603e+00,-2.886040480000000123e-03
4.500000000000000000e+01,1.449847600000000014e+01,1.686513779999999907e-01,9.572928640000000655e+00,-2.880602199999999970e-03
4.510000000000000142e+01,1.451532699999999920e+01,1.683635890000000079e-01,9.556894859999999881e+00,-2.875163919999999818e-03
4.520000000000000284e+01,1.453214900000000043e+01,1.680763449999999881e-01,9.540889870000000883e+00,-2.869725650000000058e-03
4.529999999999999716e+01,1.454894200000000026e+01,1.677896439999999878e-01,9.524913689999999988e+00,-2.864287369999999906e-03
4.539999999999999858e+01,1.456570699999999974e+01,1.675035639999999937e-01,9.508970590000000556e+00,-2.857070479999999999e-03
4.550000000000000000e+01,1.458244299999999960e+01,1.672182319999999944e-01,9.493067699999999220e+00,-2.849571019999999882e-03
4.560000000000000142e+01,1.459914999999999985e+01,1.669336499999999890e-01,9.477205140000000583e+00,-2.842071570000000158e-03
4.570000000000000284e+01,1.461583000000000077e+01,1.666498180000000051e-01,9.461382920000000141e+00,-2.834572120000000001e-03
4.579999999999999716e+01,1.463247999999999927e+01,1.663667349999999878e-01,9.445601059999999549e+00,-2.827072669999999843e-03
4.589999999999999858e+01,1.464910300000000021e+01,1.660844029999999916e-01,9.429859560000000585e+00,-2.819573220000000120e-03
4.600000000000000000e+01,1.466569699999999976e+01,1.658028209999999891e-01,9.414158450000000400e+00,-2.812073769999999962e-03
4.610000000000000142e+01,1.468226300000000073e+01,1.655219880000000088e-01,9.398497730000000772e+00,-2.804574319999999805e-03
4.620000000000000284e+01,1.469880200000000059e+01,1.652419059999999940e-01,9.382877419999999802e+00,-2.797074860000000121e-03
4.629999999999999716e+01,1.471531200000000084e+01,1.649625730000000012e-01,9.367297530000000094e+00,-2.789575409999999964e-03
4.639999999999999858e+01,1.473179400000000072e+01,1.646839910000000018e-01,9.351758090000000578e+00,-2.782075959999999806e-03
4.650000000000000000e+01,1.474824899999999950e+01,1.644061579999999967e-01,9.336259090000000427e+00,-2.774576510000000083e-03
4.660000000000000142e+01,1.476467500000000044e+01,1.641290760000000126e-01,9.320800549999999518e+00,-2.767077059999999925e-03
4.670000000000000284e+01,1.478107499999999952e+01,1.638527429999999951e-01,9.305382489999999507e+00,-2.759577610000000202e-03
4.679999999999999716e+01,1.479744600000000077e+01,1.635771599999999992e-01,9.290004919999999444e+00,-2.752078160000000044e-03
4.689999999999999858e+01,1.481378999999999913e+01,1.633023269999999971e-01,9.274667850000000158e+00,-2.744578699999999927e-03
4.700000000000000000e+01,1.483010699999999993e+01,1.630282439999999888e-01,9.259371290000000698e+00,-2.737079250000000203e-03
4.710000000000000142e+01,1.484639600000000037e+01,1.627549110000000021e-01,9.244115259999999168e+00,-2.729579800000000046e-03
4.720000000000000284e+01,1.486265799999999970e+01,1.624823280000000092e-01,9.228899780000000774e+00,-2.722080349999999888e-03
4.729999999999999716e+01,1.487889200000000045e+01,1.622104950000000101e-01,9.213724850000000188e+00,-2.714580900000000165e-03
4.739999999999999858e+01,1.489509999999999934e+01,1.619394120000000048e-01,9.198590480000000014e+00,-2.707081450000000007e-03
4.750000000000000000e+01,1.491127999999999965e+01,1.616690789999999933e-01,9.183496699999999180e+00,-2.699581989999999890e-03
4.760000000000000142e+01,1.492743399999999987e+01,1.613994960000000034e-01,9.168443509999999463e+00,-2.692082540000000166e-03
4.770000000000000284e+01,1.494355999999999973e+01,1.611306630000000073e-01,9.153430919999999915e+00,-2.684583090000000009e-03
4.779999999999999716e+01,1.495965999999999951e+01,1.608625790000000055e-01,9.138458950000000414e+00,-2.677083639999999851e-03
4.789999999999999858e+01,1.497573299999999996e+01,1.605952459999999971e-01,9.123527599999999183e+00,-2.669584190000000128e-03
4.800000000000000000e+01,1.499177899999999930e+01,1.603286620000000107e-01,9.108636900000000480e+00,-2.662084739999999970e-03
4.810000000000000142e+01,1.500779799999999931e+01,1.600628289999999898e-01,9.093786859999999805e+00,-2.654585289999999813e-03
4.820000000000000284e+01,1.502379099999999923e+01,1.597977449999999910e-01,9.078977480000000710e+00,-2.647085830000000129e-03
4.829999999999999716e+01,1.503975800000000085e+01,1.595334120000000133e-01,9.064208779999999521e+00,-2.639586379999999972e-03
4.839999999999999858e+01,1.505569799999999958e+01,1.592698280000000022e-01,9.049480770000000618e+00,-2.632086929999999814e-03
4.850000000000000000e+01,1.507161200000000001e+01,1.590069940000000126e-01,9.034793459999999499e+00,-2.624587480000000091e-03
4.860000000000000142e+01,1.508749899999999933e+01,1.587449109999999886e-01,9.020146869999999595e+00,-2.617088029999999933e-03
4.870000000000000284e+01,1.510336099999999959e+01,1.584835769999999866e-01,9.005541009999999957e+00,-2.609588580000000210e-03
4.879999999999999716e+01,1.511919600000000052e+01,1.582229930000000062e-01,8.990975880000000586e+00,-2.602089130000000052e-03
4.889999999999999858e+01,1.513500600000000063e+01,1.579631589999999919e-01,8.976451510000000411e+00,-2.594589669999999935e-03
4.900000000000000000e+01,1.515078899999999962e+01,1.577040749999999991e-01,8.961967899999999432e+00,-2.587090220000000211e-03
4.910000000000000142e+01,1.516654600000000030e+01,1.574457410000000002e-01,8.947525060000000252e+00,-2.579590770000000054e-03
4.920000000000000284e+01,1.518227800000000016e+01,1.571881569999999950e-01,8.933123009999999198e+00,-2.572091319999999896e-03
4.929999999999999716e+01,1.519798399999999994e+01,1.569313230000000114e-01,8.918761760000000649e+00,-2.564591870000000173e-03
4.939999999999999858e+01,1.521366399999999963e+01,1.566752379999999945e-01,8.904441309999999277e+00,-2.557092420000000015e-03
4.950000000000000000e+01,1.522931900000000027e+01,1.564199039999999985e-01,8.890161689999999339e+00,-2.549592969999999858e-03
4.960000000000000142e+01,1.524494800000000083e+01,1.561653169999999979e-01,8.875922770000000739e+00,-2.542549089999999925e-03
4.970000000000000284e+01,1.526055200000000056e+01,1.559112109999999940e-01,8.861709619999999177e+00,-2.539572730000000042e-03
4.979999999999999716e+01,1.527613099999999946e+01,1.556574029999999997e-01,8.847512030000000749e+00,-2.536596370000000159e-03
4.989999999999999858e+01,1.529168400000000005e+01,1.554038919999999879e-01,8.833329989999999299e+00,-2.533620009999999843e-03
5.000000000000000000e+01,1.530721100000000057e+01,1.551506790000000136e-01,8.819163509999999206e+00,-2.530643649999999960e-03
5.010000000000000142e+01,1.532271399999999950e+01,1.548977629999999939e-01,8.805012599999999523e+00,-2.527667280000000117e-03
5.020000000000000284e+01,1.533819100000000013e+01,1.546451450000000116e-01,8.790877260000000248e+00,-2.524690919999999800e-03
5.029999999999999716e+01,1.535364299999999993e+01,1.543928250000000113e-01,8.776757500000000434e+00,-2.521714559999999918e-03
5.039999999999999858e+01,1.536907000000000068e+01,1.541408029999999929e-01,8.762653320000000079e+00,-2.518738200000000035e-03
5.050000000000000000e+01,1.538447099999999956e+01,1.538890780000000125e-01,8.748564730000000012e+00,-2.515761840000000152e-03
5.060000000000000142e+01,1.539984699999999940e+01,1.536376499999999867e-01,8.734491730000000231e+00,-2.512785479999999835e-03
5.070000000000000284e+01,1.541519899999999943e+01,1.533865199999999984e-01,8.720434329999999790e+00,-2.509809119999999952e-03
5.079999999999999716e+01,1.543052499999999938e+01,1.531356879999999920e-01,8.706392539999999514e+00,-2.506832750000000110e-03
5.089999999999999858e+01,1.544582600000000028e+01,1.528851539999999953e-01,8.692366359999999403e+00,-2.503856389999999793e-03
5.100000000000000000e+01,1.546110200000000034e+01,1.526349170000000088e-01,8.678355789999999459e+00,-2.500880029999999910e-03
5.110000000000000142e+01,1.547635299999999958e+01,1.523849780000000043e-01,8.664360840000000508e+00,-2.497903670000000027e-03
5.120000000000000284e+01,1.549157899999999977e+01,1.521353360000000099e-01,8.650381519999999824e+00,-2.494927310000000144e-03
5.129999999999999716e+01,1.550677999999999912e+01,1.518859919999999974e-01,8.636417829999999185e+00,-2.491950949999999828e-03
5.139999999999999858e+01,1.552195599999999942e+01,1.516369459999999947e-01,8.622469770000000366e+00,-2.488974589999999945e-03
5.150000000000000000e+01,1.553710700000000067e+01,1.513881970000000021e-01,8.608537359999999694e+00,-2.485998230000000062e-03
5.160000000000000142e+01,1.555223400000000034e+01,1.511397459999999915e-01,8.594620589999999893e+00,-2.483021859999999786e-03
5.170000000000000284e+01,1.556733499999999992e+01,1.508915929999999905e-01,8.580719480000000843e+00,-2.480045499999999903e-03
5.179999999999999716e+01,1.558241199999999971e+01,1.506437369999999998e-01,8.566834019999999938e+00,-2.477069140000000020e-03
5.189999999999999858e+01,1.559746400000000044e+01,1.503961789999999910e-01,8.552964219999999784e+00,-2.474092780000000137e-03
5.200000000000000000e+01,1.561249100000000034e+01,1.501489189999999918e-01,8.539110089999999431e+00,-2.471116419999999821e-03
5.210000000000000142e+01,1.562749400000000044e+01,1.499019560000000029e-01,8.525271639999999707e+00,-2.468140059999999938e-03
5.220000000000000284e+01,1.564247199999999971e+01,1.496552909999999958e-01,8.511448859999999783e+00,-2.465163700000000055e-03
5.229999999999999716e+01,1.565742499999999993e+01,1.494089229999999990e-01,8.497641760000000488e+00,-2.462187340000000172e-03
5.239999999999999858e+01,1.567235299999999931e+01,1.491628530000000119e-01,8.483850350000000873e+00,-2.459210969999999895e-03
5.250000000000000000e+01,1.568725700000000067e+01,1.489170810000000067e-01,8.470074639999999988e+00,-2.456234610000000013e-03
5.260000000000000142e+01,1.570213700000000046e+01,1.486716060000000117e-01,8.456314620000000559e+00,-2.453258250000000130e-03
5.270000000000000284e+01,1.571699199999999941e+01,1.484264289999999986e-01,8.442570310000000688e+00,-2.450281889999999813e-03
5.279999999999999716e+01,1.573182199999999931e+01,1.481815499999999952e-01,8.428841699999999548e+00,-2.447305529999999930e-03
5.289999999999999858e+01,1.574662799999999940e+01,1.479369680000000020e-01,8.415128810000000570e+00,-2.444329170000000048e-03
5.300000000000000000e+01,1.576140900000000045e+01,1.476926839999999908e-01,8.401431629999999373e+00,-2.441352810000000165e-03
5.310000000000000142e+01,1.577616699999999916e+01,1.474486979999999892e-01,8.387750179999999389e+00,-2.438376449999999848e-03
5.320000000000000284e+01,1.579089899999999957e+01,1.472050089999999978e-01,8.374084449999999791e+00,-2.435400080000000005e-03
5.329999999999999716e+01,1.580560799999999944e+01,1.469616179999999883e-01,8.360434460000000456e+00,-2.432423720000000122e-03
5.339999999999999858e+01,1.582029200000000024e+01,1.467185239999999891e-01,8.346800209999999609e+00,-2.429447359999999806e-03
5.350000000000000000e+01,1.583495100000000022e+01,1.464757279999999995e-01,8.333181700000000802e+00,-2.426470999999999923e-03
5.360000000000000142e+01,1.584958699999999965e+01,1.462332299999999918e-01,8.319578939999999534e+00,-2.423494640000000040e-03
5.370000000000000284e+01,1.586419800000000002e+01,1.459910289999999944e-01,8.305991929999999357e+00,-2.420518280000000157e-03
5.379999999999999716e+01,1.587878500000000059e+01,1.457491260000000066e-01,8.292420679999999322e+00,-2.417541919999999841e-03
5.389999999999999858e+01,1.589334799999999959e+01,1.455076760000000025e-01,8.278873869999999968e+00,-2.411315660000000211e-03
5.400000000000000000e+01,1.590788599999999953e+01,1.452668639999999955e-01,8.265361959999999897e+00,-2.404925469999999888e-03
5.410000000000000142e+01,1.592240100000000069e+01,1.450266910000000131e-01,8.251884990000000641e+00,-2.398535289999999959e-03
5.420000000000000284e+01,1.593689200000000028e+01,1.447871569999999997e-01,8.238442960000000426e+00,-2.392145100000000069e-03
5.429999999999999716e+01,1.595135900000000007e+01,1.445482620000000107e-01,8.225035869999999250e+00,-2.385754920000000140e-03
5.439999999999999858e+01,1.596580100000000080e+01,1.443100059999999907e-01,8.211663749999999595e+00,-2.379364729999999817e-03
5.450000000000000000e+01,1.598022100000000023e+01,1.440723889999999952e-01,8.198326599999999686e+00,-2.372974549999999887e-03
5.460000000000000142e+01,1.599461600000000061e+01,1.438354109999999964e-01,8.185024419999999523e+00,-2.366584359999999998e-03
5.470000000000000284e+01,1.600898799999999866e+01,1.435990719999999943e-01,8.171757219999999933e+00,-2.360194180000000069e-03
5.479999999999999716e+01,1.602333600000000047e+01,1.433633719999999889e-01,8.158525020000000794e+00,-2.353803990000000179e-03
5.489999999999999858e+01,1.603765999999999892e+01,1.431283110000000081e-01,8.145327829999999381e+00,-2.347413809999999816e-03
5.500000000000000000e+01,1.605196199999999962e+01,1.428938889999999962e-01,8.132165640000000195e+00,-2.341023619999999927e-03
5.510000000000000142e+01,1.606623899999999949e+01,1.426601060000000087e-01,8.119038469999999563e+00,-2.334633430000000037e-03
5.520000000000000284e+01,1.608049400000000162e+01,1.424269619999999903e-01,8.105946319999999261e+00,-2.328243250000000108e-03
5.529999999999999716e+01,1.609472500000000039e+01,1.421944579999999958e-01,8.092889219999999995e+00,-2.321853059999999785e-03
5.539999999999999858e+01,1.610893199999999936e+01,1.419625919999999986e-01,8.079867150000000109e+00,-2.315462879999999855e-03
5.550000000000000000e+01,1.612311700000000059e+01,1.417313649999999980e-01,8.066880140000000310e+00,-2.309072689999999966e-03
5.560000000000000142e+01,1.613727899999999948e+01,1.415007769999999943e-01,8.053928190000000598e+00,-2.302682510000000037e-03
5.570000000000000284e+01,1.615141699999999858e+01,1.412708279999999872e-01,8.041011299999999196e+00,-2.296292320000000147e-03
5.579999999999999716e+01,1.616553299999999993e+01,1.410415190000000041e-01,8.028129489999999535e+00,-2.289902139999999784e-03
5.589999999999999858e+01,1.617962599999999895e+01,1.408128479999999905e-01,8.015282770000000667e+00,-2.283511949999999895e-03
5.600000000000000000e+01,1.619369599999999920e+01,1.405848160000000013e-01,8.002471140000000815e+00,-2.277121769999999965e-03
5.610000000000000142e+01,1.620774300000000068e+01,1.403574240000000084e-01,7.989694609999999919e+00,-2.270731580000000076e-03
5.620000000000000284e+01,1.622176699999999983e+01,1.401306700000000127e-01,7.976953179999999755e+00,-2.264341390000000186e-03
5.629999999999999716e+01,1.623576900000000123e+01,1.399045550000000138e-01,7.964246870000000200e+00,-2.257951209999999823e-03
5.639999999999999858e+01,1.624974800000000030e+01,1.396790800000000110e-01,7.951575690000000307e+00,-2.251561019999999934e-03
5.650000000000000000e+01,1.626370500000000163e+01,1.394542430000000055e-01,7.938939640000000075e+00,-2.245170840000000004e-03
5.660000000000000142e+01,1.627763900000000064e+01,1.392300459999999962e-01,7.926338730000000332e+00,-2.238780650000000115e-03
5.670000000000000284e+01,1.629155099999999834e+01,1.390064870000000119e-01,7.913772960000000189e+00,-2.232390470000000186e-03
5.679999999999999716e+01,1.630544000000000082e+01,1.387835679999999960e-01,7.901242350000000414e+00,-2.226000279999999863e-03
5.689999999999999858e+01,1.631930699999999845e+01,1.385612870000000052e-01,7.888746900000000117e+00,-2.219610099999999933e-03
5.700000000000000000e+01,1.633315199999999834e+01,1.383396460000000106e-01,7.876286630000000066e+00,-2.213219910000000044e-03
5.710000000000000142e+01,1.634697500000000048e+01,1.381186430000000132e-01,7.863861530000000322e+00,-2.206829730000000114e-03
5.720000000000000284e+01,1.636077600000000132e+01,1.378982800000000120e-01,7.851471609999999934e+00,-2.200439539999999791e-03
5.729999999999999716e+01,1.637455500000000086e+01,1.376785550000000080e-01,7.839116889999999671e+00,-2.194049359999999862e-03
5.739999999999999858e+01,1.638831199999999910e+01,1.374594700000000003e-01,7.826797370000000420e+00,-2.187659169999999972e-03
5.750000000000000000e+01,1.640204699999999960e+01,1.372410229999999898e-01,7.814513060000000344e+00,-2.181268980000000083e-03
5.760000000000000142e+01,1.641575999999999880e+01,1.370232160000000032e-01,7.802263960000000331e+00,-2.174878800000000154e-03
5.770000000000000284e+01,1.642945200000000128e+01,1.368060480000000134e-01,7.790050090000000260e+00,-2.168488609999999830e-03
5.779999999999999716e+01,1.644312100000000143e+01,1.365895179999999931e-01,7.777871440000000192e+00,-2.162098429999999901e-03
5.789999999999999858e+01,1.645676999999999879e+01,1.363736269999999973e-01,7.765728000000000186e+00,-2.155955309999999826e-03
5.800000000000000000e+01,1.647039600000000092e+01,1.361580860000000115e-01,7.753603540000000294e+00,-2.154867899999999854e-03
5.810000000000000142e+01,1.648400099999999924e+01,1.359426539999999961e-01,7.741484490000000385e+00,-2.153780489999999881e-03
5.820000000000000284e+01,1.649758500000000083e+01,1.357273300000000071e-01,7.729370860000000398e+00,-2.152693079999999908e-03
5.829999999999999716e+01,1.651114700000000113e+01,1.355121149999999886e-01,7.717262660000000274e+00,-2.151605679999999896e-03
5.839999999999999858e+01,1.652468700000000013e+01,1.352970089999999959e-01,7.705159880000000072e+00,-2.150518269999999923e-03
5.850000000000000000e+01,1.653820599999999885e+01,1.350820110000000018e-01,7.693062519999999793e+00,-2.149430859999999950e-03
5.860000000000000142e+01,1.655170299999999983e+01,1.348671230000000054e-01,7.680970600000000204e+00,-2.148343449999999977e-03
5.870000000000000284e+01,1.656517900000000054e+01,1.346523430000000077e-01,7.668884109999999588e+00,-2.147256040000000005e-03
5.879999999999999716e+01,1.657863400000000098e+01,1.344376710000000086e-01,7.656803049999999722e+00,-2.146168630000000032e-03
5.889999999999999858e+01,1.659206700000000012e+01,1.342231090000000071e-01,7.644727419999999718e+00,-2.145081220000000059e-03
5.900000000000000000e+01,1.660547899999999899e+01,1.340086550000000043e-01,7.632657230000000403e+00,-2.143993810000000087e-03
5.910000000000000142e+01,1.661886900000000011e+01,1.337943099999999996e-01,7.620592489999999941e+00,-2.142906410000000074e-03
5.920000000000000284e+01,1.663223699999999994e+01,1.335800739999999931e-01,7.608533180000000229e+00,-2.141819000000000101e-03
5.929999999999999716e+01,1.664558500000000052e+01,1.333659460000000130e-01,7.596479310000000318e+00,-2.140731590000000129e-03
5.939999999999999858e+01,1.665891099999999980e+01,1.331519280000000027e-01,7.584430900000000086e+00,-2.139644180000000156e-03
5.950000000000000000e+01,1.667221500000000134e+01,1.329380179999999911e-01,7.572387929999999656e+00,-2.138556770000000183e-03
5.960000000000000142e+01,1.668549799999999905e+01,1.327242160000000060e-01,7.560350399999999915e+00,-2.137469360000000210e-03
5.970000000000000284e+01,1.669876000000000005e+01,1.325105239999999907e-01,7.548318329999999854e+00,-2.136381949999999804e-03
5.979999999999999716e+01,1.671199999999999974e+01,1.322969400000000018e-01,7.536291720000000360e+00,-2.135294549999999791e-03
5.989999999999999858e+01,1.672521899999999917e+01,1.320834650000000110e-01,7.524270559999999719e+00,-2.134207139999999819e-03
6.000000000000000000e+01,1.673841699999999832e+01,1.318700979999999912e-01,7.512254859999999645e+00,-2.133119729999999846e-03
